transaction_id_bank,transaction_id_ledger,date_bank,date_ledger,amount_bank,amount_ledger,reference_bank,reference_ledger,amount_diff,date_diff_days,match_type,match_confidence,match_week,match_month,amount_category
BANK00250,LEDG00101,2024-01-01,2024-01-01,418.23,418.23,REF984979,REF984979,0.0,0,Exact Match,100.0,2024-W00,2024-01,100-500
BANK00105,LEDG00005,2024-01-01,2024-01-01,799.12,799.12,REF242045,REF242045,0.0,0,Exact Match,100.0,2024-W00,2024-01,500-1000
BANK00136,LEDG00380,2024-01-01,2024-01-01,1068.91,1068.91,CHK356210,CHK356210,0.0,0,Exact Match,100.0,2024-W00,2024-01,1000-5000
BANK00474,LEDG00434,2024-01-01,2024-01-01,50.0,50.0,INV862347,INV862347,0.0,0,Exact Match,100.0,2024-W00,2024-01,<100
BANK00438,LEDG00165,2024-01-01,2024-01-01,603.77,603.77,INV476627,INV-476627,0.0,0,Exact Match,100.0,2024-W00,2024-01,500-1000
BANK00434,LEDG00102,2024-01-01,2024-01-01,250.0,250.0,PAY546511,PAY546511,0.0,0,Exact Match,100.0,2024-W00,2024-01,100-500
BANK00210,LEDG00039,2024-01-01,2024-01-01,1442.87,1442.87,TRF944674,TRF944674,0.0,0,Exact Match,100.0,2024-W00,2024-01,1000-5000
BANK00432,LEDG00095,2024-01-01,2024-01-01,749.95,749.95,SAL993654,SAL993654,0.0,0,Exact Match,100.0,2024-W00,2024-01,500-1000
BANK00177,LEDG00122,2024-01-01,2024-01-01,829.56,829.56,SAL558783,SAL558783,0.0,0,Exact Match,100.0,2024-W00,2024-01,500-1000
BANK00206,LEDG00427,2024-01-02,2024-01-02,230.16,230.16,SAL362616,SAL362616,0.0,0,Exact Match,100.0,2024-W00,2024-01,100-500
BANK00262,LEDG00149,2024-01-02,2024-01-02,1735.32,1735.32,CHK180489,CHK180489,0.0,0,Exact Match,100.0,2024-W00,2024-01,1000-5000
BANK00201,LEDG00369,2024-01-02,2024-01-02,1507.28,1507.28,REF034546,REF034546,0.0,0,Exact Match,100.0,2024-W00,2024-01,1000-5000
BANK00359,LEDG00210,2024-01-02,2024-01-02,841.36,841.36,TRF794369,TRF794369,0.0,0,Exact Match,100.0,2024-W00,2024-01,500-1000
BANK00019,LEDG00058,2024-01-02,2024-01-02,31.57,31.57,REF735020,REF735020,0.0,0,Exact Match,100.0,2024-W00,2024-01,<100
BANK00480,LEDG00143,2024-01-02,2024-01-02,500.0,500.0,TRF728676,TRF728676,0.0,0,Exact Match,100.0,2024-W00,2024-01,100-500
BANK00235,LEDG00220,2024-01-03,2024-01-03,1840.51,1840.51,PAY817459,PAY817459,0.0,0,Exact Match,100.0,2024-W00,2024-01,1000-5000
BANK00041,LEDG00390,2024-01-03,2024-01-03,1419.28,1419.28,INV886497,INV886497,0.0,0,Exact Match,100.0,2024-W00,2024-01,1000-5000
BANK00135,LEDG00447,2024-01-03,2024-01-03,1791.46,1791.46,CHK588177,CHK588177,0.0,0,Exact Match,100.0,2024-W00,2024-01,1000-5000
BANK00012,LEDG00048,2024-01-03,2024-01-03,264.1,264.1,PAY501091,PAY501091,0.0,0,Exact Match,100.0,2024-W00,2024-01,100-500
BANK00202,LEDG00410,2024-01-03,2024-01-03,1559.36,1559.36,TRF821851,TRF821851,0.0,0,Exact Match,100.0,2024-W00,2024-01,1000-5000
BANK00071,LEDG00038,2024-01-04,2024-01-04,333.61,333.61,CHK507422,CHK507422,0.0,0,Exact Match,100.0,2024-W00,2024-01,100-500
BANK00326,LEDG00320,2024-01-04,2024-01-04,1582.13,1582.13,REF774974,REF774974,0.0,0,Exact Match,100.0,2024-W00,2024-01,1000-5000
BANK00410,LEDG00037,2024-01-05,2024-01-05,250.0,250.0,REF580754,REF580754,0.0,0,Exact Match,100.0,2024-W00,2024-01,100-500
BANK00115,LEDG00175,2024-01-05,2024-01-05,368.33,368.33,INV685950,INV685950,0.0,0,Exact Match,100.0,2024-W00,2024-01,100-500
BANK00334,LEDG00036,2024-01-06,2024-01-06,250.0,250.0,PAY351679,PAY351679,0.0,0,Exact Match,100.0,2024-W00,2024-01,100-500
BANK00412,LEDG00317,2024-01-06,2024-01-06,22.71,22.71,REF049457,REF049457,0.0,0,Exact Match,100.0,2024-W00,2024-01,<100
BANK00043,LEDG00120,2024-01-07,2024-01-07,504.96,504.96,SAL656761,SAL656761,0.0,0,Exact Match,100.0,2024-W01,2024-01,500-1000
BANK00374,LEDG00177,2024-01-07,2024-01-07,469.03,469.03,INV457904,INV457904,0.0,0,Exact Match,100.0,2024-W01,2024-01,100-500
BANK00315,LEDG00249,2024-01-08,2024-01-08,500.0,500.0,CHK419016,CHK419016,0.0,0,Exact Match,100.0,2024-W01,2024-01,100-500
BANK00301,LEDG00387,2024-01-08,2024-01-08,358.99,358.99,TRF470685,TRF470685,0.0,0,Exact Match,100.0,2024-W01,2024-01,100-500
BANK00407,LEDG00013,2024-01-08,2024-01-08,1923.02,1923.02,REF101634,REF101634,0.0,0,Exact Match,100.0,2024-W01,2024-01,1000-5000
BANK00106,LEDG00418,2024-01-08,2024-01-08,1726.1,1726.1,INV402122,INV402122,0.0,0,Exact Match,100.0,2024-W01,2024-01,1000-5000
BANK00111,LEDG00161,2024-01-08,2024-01-08,1270.47,1270.47,INV129412,INV129412,0.0,0,Exact Match,100.0,2024-W01,2024-01,1000-5000
BANK00269,LEDG00077,2024-01-09,2024-01-09,1210.36,1210.36,CHK938258,CHK938258,0.0,0,Exact Match,100.0,2024-W01,2024-01,1000-5000
BANK00052,LEDG00341,2024-01-09,2024-01-09,250.0,250.0,REF423339,REF423339,0.0,0,Exact Match,100.0,2024-W01,2024-01,100-500
BANK00185,LEDG00242,2024-01-09,2024-01-09,50.0,50.0,PAY730155,PAY730155,0.0,0,Exact Match,100.0,2024-W01,2024-01,<100
BANK00141,LEDG00135,2024-01-09,2024-01-09,187.52,187.52,PAY108694,PAY108694,0.0,0,Exact Match,100.0,2024-W01,2024-01,100-500
BANK00199,LEDG00254,2024-01-12,2024-01-12,995.89,995.89,CHK331190,CHK331190,0.0,0,Exact Match,100.0,2024-W01,2024-01,500-1000
BANK00484,LEDG00064,2024-01-12,2024-01-12,1743.23,1743.23,CHK361584,CHK361584,0.0,0,Exact Match,100.0,2024-W01,2024-01,1000-5000
BANK00121,LEDG00310,2024-01-12,2024-01-12,73.29,73.29,PAY971887,PAY971887,0.0,0,Exact Match,100.0,2024-W01,2024-01,<100
BANK00156,LEDG00004,2024-01-13,2024-01-13,112.75,112.75,REF828769,REF828769,0.0,0,Exact Match,100.0,2024-W01,2024-01,100-500
BANK00372,LEDG00015,2024-01-13,2024-01-13,1677.27,1677.27,REF383371,REF383371,0.0,0,Exact Match,100.0,2024-W01,2024-01,1000-5000
BANK00297,LEDG00252,2024-01-14,2024-01-14,222.09,222.09,PAY925448,PAY925448,0.0,0,Exact Match,100.0,2024-W02,2024-01,100-500
BANK00080,LEDG00065,2024-01-14,2024-01-14,1142.47,1142.47,PAY575176,PAY575176,0.0,0,Exact Match,100.0,2024-W02,2024-01,1000-5000
BANK00139,LEDG00378,2024-01-14,2024-01-14,50.0,50.0,INV427598,INV427598,0.0,0,Exact Match,100.0,2024-W02,2024-01,<100
BANK00098,LEDG00268,2024-01-15,2024-01-15,50.0,50.0,INV352367,INV352367,0.0,0,Exact Match,100.0,2024-W02,2024-01,<100
BANK00002,LEDG00421,2024-01-15,2024-01-15,250.0,250.0,TRF365765,TRF365765,0.0,0,Exact Match,100.0,2024-W02,2024-01,100-500
BANK00082,LEDG00247,2024-01-15,2024-01-15,554.08,554.08,TRF564170,TRF564170,0.0,0,Exact Match,100.0,2024-W02,2024-01,500-1000
BANK00404,LEDG00393,2024-01-15,2024-01-15,484.99,484.99,CHK676382,CHK676382,0.0,0,Exact Match,100.0,2024-W02,2024-01,100-500
BANK00477,LEDG00382,2024-01-16,2024-01-16,409.71,409.71,REF885968,REF885968,0.0,0,Exact Match,100.0,2024-W02,2024-01,100-500
BANK00230,LEDG00108,2024-01-16,2024-01-16,50.0,50.0,PAY693644,PAY693644,0.0,0,Exact Match,100.0,2024-W02,2024-01,<100
BANK00421,LEDG00286,2024-01-17,2024-01-17,1000.0,1000.0,CHK613530,CHK613530,0.0,0,Exact Match,100.0,2024-W02,2024-01,500-1000
BANK00304,LEDG00407,2024-01-17,2024-01-17,1000.0,1000.0,INV219179,INV-219179,0.0,0,Exact Match,100.0,2024-W02,2024-01,500-1000
BANK00074,LEDG00002,2024-01-18,2024-01-18,842.3,842.3,REF744760,REF744760,0.0,0,Exact Match,100.0,2024-W02,2024-01,500-1000
BANK00242,LEDG00438,2024-01-19,2024-01-19,1165.37,1165.37,CHK365850,CHK365850,0.0,0,Exact Match,100.0,2024-W02,2024-01,1000-5000
BANK00472,LEDG00166,2024-01-19,2024-01-19,1000.0,1000.0,PAY573793,PAY573793,0.0,0,Exact Match,100.0,2024-W02,2024-01,500-1000
BANK00423,LEDG00301,2024-01-19,2024-01-19,500.0,500.0,REF104034,REF104034,0.0,0,Exact Match,100.0,2024-W02,2024-01,100-500
BANK00270,LEDG00409,2024-01-19,2024-01-19,1925.67,1925.67,TRF921595,TRF921595,0.0,0,Exact Match,100.0,2024-W02,2024-01,1000-5000
BANK00239,LEDG00069,2024-01-19,2024-01-19,503.97,503.97,TRF380179,TRF380179,0.0,0,Exact Match,100.0,2024-W02,2024-01,500-1000
BANK00325,LEDG00094,2024-01-19,2024-01-19,500.0,500.0,INV956474,INV956474,0.0,0,Exact Match,100.0,2024-W02,2024-01,100-500
BANK00420,LEDG00425,2024-01-19,2024-01-19,1864.74,1864.74,INV384150,INV-384150,0.0,0,Exact Match,100.0,2024-W02,2024-01,1000-5000
BANK00274,LEDG00443,2024-01-20,2024-01-20,50.0,50.0,TRF565547,TRF565547,0.0,0,Exact Match,100.0,2024-W02,2024-01,<100
BANK00378,LEDG00007,2024-01-20,2024-01-20,100.0,100.0,INV982303,INV982303,0.0,0,Exact Match,100.0,2024-W02,2024-01,<100
BANK00300,LEDG00214,2024-01-20,2024-01-20,1205.03,1205.03,PAY869767,PAY869767,0.0,0,Exact Match,100.0,2024-W02,2024-01,1000-5000
BANK00044,LEDG00412,2024-01-21,2024-01-21,874.56,874.56,PAY008660,PAY008660,0.0,0,Exact Match,100.0,2024-W03,2024-01,500-1000
BANK00298,LEDG00255,2024-01-21,2024-01-21,500.0,500.0,INV769374,INV769374,0.0,0,Exact Match,100.0,2024-W03,2024-01,100-500
BANK00005,LEDG00353,2024-01-21,2024-01-21,250.0,250.0,PAY726544,PAY726544,0.0,0,Exact Match,100.0,2024-W03,2024-01,100-500
BANK00318,LEDG00075,2024-01-21,2024-01-21,100.0,100.0,SAL133384,SAL133384,0.0,0,Exact Match,100.0,2024-W03,2024-01,<100
BANK00026,LEDG00114,2024-01-22,2024-01-22,1564.78,1564.78,INV706520,INV706520,0.0,0,Exact Match,100.0,2024-W03,2024-01,1000-5000
BANK00356,LEDG00291,2024-01-23,2024-01-23,809.84,809.84,TRF043281,TRF043281,0.0,0,Exact Match,100.0,2024-W03,2024-01,500-1000
BANK00255,LEDG00351,2024-01-23,2024-01-23,967.37,967.37,INV074467,INV074467,0.0,0,Exact Match,100.0,2024-W03,2024-01,500-1000
BANK00151,LEDG00239,2024-01-23,2024-01-23,1215.49,1215.49,TRF301938,TRF301938,0.0,0,Exact Match,100.0,2024-W03,2024-01,1000-5000
BANK00125,LEDG00008,2024-01-23,2024-01-23,88.23,88.23,SAL976499,SAL976499,0.0,0,Exact Match,100.0,2024-W03,2024-01,<100
BANK00478,LEDG00083,2024-01-24,2024-01-24,1644.67,1644.67,TRF510707,TRF510707,0.0,0,Exact Match,100.0,2024-W03,2024-01,1000-5000
BANK00352,LEDG00276,2024-01-24,2024-01-24,10.47,10.47,TRF200297,TRF200297,0.0,0,Exact Match,100.0,2024-W03,2024-01,<100
BANK00225,LEDG00312,2024-01-24,2024-01-24,907.17,907.17,PAY539743,PAY539743-PYMT,0.0,0,Exact Match,100.0,2024-W03,2024-01,500-1000
BANK00011,LEDG00244,2024-01-24,2024-01-24,1000.0,1000.0,PAY319155,PAY319155,0.0,0,Exact Match,100.0,2024-W03,2024-01,500-1000
BANK00275,LEDG00222,2024-01-24,2024-01-24,50.0,50.0,PAY725822,PAY725822,0.0,0,Exact Match,100.0,2024-W03,2024-01,<100
BANK00347,LEDG00236,2024-01-25,2024-01-25,1609.91,1609.91,INV189503,INV189503,0.0,0,Exact Match,100.0,2024-W03,2024-01,1000-5000
BANK00368,LEDG00200,2024-01-26,2024-01-26,1574.83,1574.83,PAY140642,PAY140642,0.0,0,Exact Match,100.0,2024-W03,2024-01,1000-5000
BANK00317,LEDG00019,2024-01-27,2024-01-27,222.13,222.13,CHK333463,CHK333463,0.0,0,Exact Match,100.0,2024-W03,2024-01,100-500
BANK00178,LEDG00240,2024-01-27,2024-01-27,1859.76,1859.76,SAL233665,SAL233665,0.0,0,Exact Match,100.0,2024-W03,2024-01,1000-5000
BANK00358,LEDG00156,2024-01-27,2024-01-27,1968.33,1968.33,INV140491,INV-140491,0.0,0,Exact Match,100.0,2024-W03,2024-01,1000-5000
BANK00320,LEDG00450,2024-01-28,2024-01-28,924.77,924.77,CHK085322,CHK085322,0.0,0,Exact Match,100.0,2024-W04,2024-01,500-1000
BANK00169,LEDG00190,2024-01-28,2024-01-28,317.18,317.18,INV501741,INV501741,0.0,0,Exact Match,100.0,2024-W04,2024-01,100-500
BANK00154,LEDG00124,2024-01-29,2024-01-29,184.9,184.9,REF653727,REF653727,0.0,0,Exact Match,100.0,2024-W04,2024-01,100-500
BANK00097,LEDG00264,2024-01-29,2024-01-29,276.69,276.69,TRF047565,TRF047565,0.0,0,Exact Match,100.0,2024-W04,2024-01,100-500
BANK00017,LEDG00154,2024-01-30,2024-01-30,785.34,785.34,TRF346788,TRF346788,0.0,0,Exact Match,100.0,2024-W04,2024-01,500-1000
BANK00319,LEDG00162,2024-01-30,2024-01-30,1412.8,1412.8,SAL680768,SAL680768,0.0,0,Exact Match,100.0,2024-W04,2024-01,1000-5000
BANK00172,LEDG00360,2024-01-30,2024-01-30,1101.72,1101.72,PAY260795,PAY260795-PYMT,0.0,0,Exact Match,100.0,2024-W04,2024-01,1000-5000
BANK00311,LEDG00213,2024-01-30,2024-01-30,1908.63,1908.63,TRF208607,TRF208607,0.0,0,Exact Match,100.0,2024-W04,2024-01,1000-5000
BANK00218,LEDG00413,2024-02-01,2024-02-01,46.04,46.04,INV352383,INV352383,0.0,0,Exact Match,100.0,2024-W04,2024-02,<100
BANK00387,LEDG00277,2024-02-01,2024-02-01,50.0,50.0,REF318727,REF318727,0.0,0,Exact Match,100.0,2024-W04,2024-02,<100
BANK00481,LEDG00449,2024-02-01,2024-02-01,500.0,500.0,PAY810954,PAY810954,0.0,0,Exact Match,100.0,2024-W04,2024-02,100-500
BANK00193,LEDG00137,2024-02-01,2024-02-01,100.0,100.0,SAL363905,SAL363905,0.0,0,Exact Match,100.0,2024-W04,2024-02,<100
BANK00157,LEDG00389,2024-02-01,2024-02-01,50.0,50.0,PAY428019,PAY428019,0.0,0,Exact Match,100.0,2024-W04,2024-02,<100
BANK00342,LEDG00072,2024-02-01,2024-02-01,1659.54,1659.54,INV320653,INV320653,0.0,0,Exact Match,100.0,2024-W04,2024-02,1000-5000
BANK00268,LEDG00367,2024-02-01,2024-02-01,1612.58,1612.58,PAY590009,PAY590009,0.0,0,Exact Match,100.0,2024-W04,2024-02,1000-5000
BANK00216,LEDG00363,2024-02-01,2024-02-01,315.17,315.17,SAL951156,SAL951156,0.0,0,Exact Match,100.0,2024-W04,2024-02,100-500
BANK00362,LEDG00001,2024-02-02,2024-02-02,601.04,601.04,INV907604,INV907604,0.0,0,Exact Match,100.0,2024-W04,2024-02,500-1000
BANK00023,LEDG00050,2024-02-02,2024-02-02,902.41,902.41,TRF306597,TRF306597,0.0,0,Exact Match,100.0,2024-W04,2024-02,500-1000
BANK00246,LEDG00203,2024-02-02,2024-02-02,179.85,179.85,CHK219916,CHK219916,0.0,0,Exact Match,100.0,2024-W04,2024-02,100-500
BANK00123,LEDG00270,2024-02-02,2024-02-02,1789.49,1789.49,INV484523,INV484523,0.0,0,Exact Match,100.0,2024-W04,2024-02,1000-5000
BANK00495,LEDG00061,2024-02-02,2024-02-02,1491.12,1491.12,REF515093,REF515093,0.0,0,Exact Match,100.0,2024-W04,2024-02,1000-5000
BANK00487,LEDG00406,2024-02-02,2024-02-02,1000.0,1000.0,INV210271,INV210271,0.0,0,Exact Match,100.0,2024-W04,2024-02,500-1000
BANK00305,LEDG00076,2024-02-02,2024-02-02,376.9,376.9,REF008968,REF008968,0.0,0,Exact Match,100.0,2024-W04,2024-02,100-500
BANK00296,LEDG00402,2024-02-02,2024-02-02,999.96,999.96,CHK538380,CHK538380,0.0,0,Exact Match,100.0,2024-W04,2024-02,500-1000
BANK00465,LEDG00115,2024-02-02,2024-02-02,1949.65,1949.65,TRF526360,TRF526360,0.0,0,Exact Match,100.0,2024-W04,2024-02,1000-5000
BANK00077,LEDG00025,2024-02-03,2024-02-03,965.94,965.94,REF762222,REF762222,0.0,0,Exact Match,100.0,2024-W04,2024-02,500-1000
BANK00469,LEDG00392,2024-02-03,2024-02-03,300.38,300.38,CHK725422,CHK725422,0.0,0,Exact Match,100.0,2024-W04,2024-02,100-500
BANK00435,LEDG00396,2024-02-03,2024-02-03,50.0,50.0,SAL565992,SAL565992,0.0,0,Exact Match,100.0,2024-W04,2024-02,<100
BANK00112,LEDG00231,2024-02-04,2024-02-04,500.0,500.0,PAY514086,PAY514086,0.0,0,Exact Match,100.0,2024-W05,2024-02,100-500
BANK00113,LEDG00295,2024-02-04,2024-02-04,925.64,925.64,TRF595823,TRF595823,0.0,0,Exact Match,100.0,2024-W05,2024-02,500-1000
BANK00062,LEDG00364,2024-02-04,2024-02-04,1000.0,1000.0,REF463468,REF463468,0.0,0,Exact Match,100.0,2024-W05,2024-02,500-1000
BANK00486,LEDG00043,2024-02-04,2024-02-04,1631.5,1631.5,PAY612569,PAY612569,0.0,0,Exact Match,100.0,2024-W05,2024-02,1000-5000
BANK00155,LEDG00081,2024-02-05,2024-02-05,120.75,120.75,REF312235,REF312235,0.0,0,Exact Match,100.0,2024-W05,2024-02,100-500
BANK00065,LEDG00386,2024-02-05,2024-02-05,782.65,782.65,TRF900977,TRF900977,0.0,0,Exact Match,100.0,2024-W05,2024-02,500-1000
BANK00267,LEDG00146,2024-02-06,2024-02-06,1117.88,1117.88,CHK033941,CHK033941,0.0,0,Exact Match,100.0,2024-W05,2024-02,1000-5000
BANK00128,LEDG00315,2024-02-06,2024-02-06,131.55,131.55,TRF347949,TRF347949,0.0,0,Exact Match,100.0,2024-W05,2024-02,100-500
BANK00282,LEDG00116,2024-02-07,2024-02-07,877.89,877.89,TRF742861,TRF742861,0.0,0,Exact Match,100.0,2024-W05,2024-02,500-1000
BANK00312,LEDG00303,2024-02-07,2024-02-07,100.0,100.0,SAL518127,SAL518127,0.0,0,Exact Match,100.0,2024-W05,2024-02,<100
BANK00464,LEDG00385,2024-02-08,2024-02-08,1364.11,1364.11,PAY541451,PAY541451-PYMT,0.0,0,Exact Match,100.0,2024-W05,2024-02,1000-5000
BANK00366,LEDG00187,2024-02-08,2024-02-08,100.0,100.0,REF722648,REF722648,0.0,0,Exact Match,100.0,2024-W05,2024-02,<100
BANK00415,LEDG00088,2024-02-09,2024-02-09,1000.0,1000.0,REF520576,REF520576,0.0,0,Exact Match,100.0,2024-W05,2024-02,500-1000
BANK00247,LEDG00273,2024-02-09,2024-02-09,1009.37,1009.37,REF850545,REF850545,0.0,0,Exact Match,100.0,2024-W05,2024-02,1000-5000
BANK00087,LEDG00097,2024-02-09,2024-02-09,502.22,502.22,REF417887,REF417887,0.0,0,Exact Match,100.0,2024-W05,2024-02,500-1000
BANK00096,LEDG00340,2024-02-10,2024-02-10,500.0,500.0,PAY195263,PAY195263,0.0,0,Exact Match,100.0,2024-W05,2024-02,100-500
BANK00145,LEDG00179,2024-02-11,2024-02-11,1172.56,1172.56,CHK407306,CHK407306,0.0,0,Exact Match,100.0,2024-W06,2024-02,1000-5000
BANK00030,LEDG00164,2024-02-11,2024-02-11,708.32,708.32,SAL656169,SAL656169,0.0,0,Exact Match,100.0,2024-W06,2024-02,500-1000
BANK00498,LEDG00027,2024-02-12,2024-02-12,1441.21,1441.21,CHK445132,CHK445132,0.0,0,Exact Match,100.0,2024-W06,2024-02,1000-5000
BANK00491,LEDG00021,2024-02-12,2024-02-12,172.44,172.44,REF195721,REF195721,0.0,0,Exact Match,100.0,2024-W06,2024-02,100-500
BANK00214,LEDG00359,2024-02-13,2024-02-13,1170.95,1170.95,SAL515046,SAL515046,0.0,0,Exact Match,100.0,2024-W06,2024-02,1000-5000
BANK00076,LEDG00098,2024-02-13,2024-02-13,100.0,100.0,SAL331657,SAL331657,0.0,0,Exact Match,100.0,2024-W06,2024-02,<100
BANK00377,LEDG00289,2024-02-14,2024-02-14,706.75,706.75,SAL783793,SAL783793,0.0,0,Exact Match,100.0,2024-W06,2024-02,500-1000
BANK00099,LEDG00361,2024-02-14,2024-02-14,1411.12,1411.12,INV697376,INV-697376,0.0,0,Exact Match,100.0,2024-W06,2024-02,1000-5000
BANK00337,LEDG00032,2024-02-15,2024-02-15,249.84,249.84,SAL957225,SAL957225,0.0,0,Exact Match,100.0,2024-W06,2024-02,100-500
BANK00333,LEDG00105,2024-02-15,2024-02-15,1888.68,1888.68,TRF185291,TRF185291,0.0,0,Exact Match,100.0,2024-W06,2024-02,1000-5000
BANK00061,LEDG00160,2024-02-16,2024-02-16,100.44,100.44,REF769565,REF769565,0.0,0,Exact Match,100.0,2024-W06,2024-02,100-500
BANK00455,LEDG00185,2024-02-16,2024-02-16,50.0,50.0,REF385730,REF385730,0.0,0,Exact Match,100.0,2024-W06,2024-02,<100
BANK00081,LEDG00426,2024-02-17,2024-02-17,100.0,100.0,TRF068951,TRF068951,0.0,0,Exact Match,100.0,2024-W06,2024-02,<100
BANK00124,LEDG00262,2024-02-17,2024-02-17,250.0,250.0,SAL331372,SAL331372,0.0,0,Exact Match,100.0,2024-W06,2024-02,100-500
BANK00462,LEDG00026,2024-02-17,2024-02-17,500.0,500.0,SAL701609,SAL701609,0.0,0,Exact Match,100.0,2024-W06,2024-02,100-500
BANK00365,LEDG00226,2024-02-17,2024-02-17,99.75,99.75,REF371097,REF371097,0.0,0,Exact Match,100.0,2024-W06,2024-02,<100
BANK00299,LEDG00275,2024-02-17,2024-02-17,1749.04,1749.04,TRF246001,TRF246001,0.0,0,Exact Match,100.0,2024-W06,2024-02,1000-5000
BANK00028,LEDG00371,2024-02-18,2024-02-18,124.54,124.54,SAL529250,SAL529250,0.0,0,Exact Match,100.0,2024-W07,2024-02,100-500
BANK00329,LEDG00445,2024-02-18,2024-02-18,1615.06,1615.06,PAY871325,PAY871325-PYMT,0.0,0,Exact Match,100.0,2024-W07,2024-02,1000-5000
BANK00400,LEDG00217,2024-02-18,2024-02-18,1135.81,1135.81,SAL301716,SAL301716,0.0,0,Exact Match,100.0,2024-W07,2024-02,1000-5000
BANK00066,LEDG00325,2024-02-19,2024-02-19,1000.0,1000.0,INV679456,INV679456,0.0,0,Exact Match,100.0,2024-W07,2024-02,500-1000
BANK00369,LEDG00263,2024-02-19,2024-02-19,500.0,500.0,REF637127,REF637127,0.0,0,Exact Match,100.0,2024-W07,2024-02,100-500
BANK00391,LEDG00181,2024-02-20,2024-02-20,1000.0,1000.0,TRF960865,TRF960865,0.0,0,Exact Match,100.0,2024-W07,2024-02,500-1000
BANK00042,LEDG00346,2024-02-20,2024-02-20,762.2,762.2,PAY727185,PAY727185,0.0,0,Exact Match,100.0,2024-W07,2024-02,500-1000
BANK00147,LEDG00257,2024-02-20,2024-02-20,1133.27,1133.27,SAL978145,SAL978145,0.0,0,Exact Match,100.0,2024-W07,2024-02,1000-5000
BANK00490,LEDG00173,2024-02-20,2024-02-20,1000.0,1000.0,TRF112594,TRF112594,0.0,0,Exact Match,100.0,2024-W07,2024-02,500-1000
BANK00313,LEDG00089,2024-02-20,2024-02-20,1000.0,1000.0,TRF328776,TRF328776,0.0,0,Exact Match,100.0,2024-W07,2024-02,500-1000
BANK00401,LEDG00193,2024-02-21,2024-02-21,500.0,500.0,CHK700708,CHK700708,0.0,0,Exact Match,100.0,2024-W07,2024-02,100-500
BANK00470,LEDG00251,2024-02-21,2024-02-21,1000.0,1000.0,CHK343729,CHK343729,0.0,0,Exact Match,100.0,2024-W07,2024-02,500-1000
BANK00416,LEDG00049,2024-02-21,2024-02-21,50.0,50.0,REF816772,REF816772,0.0,0,Exact Match,100.0,2024-W07,2024-02,<100
BANK00149,LEDG00057,2024-02-21,2024-02-21,1219.03,1219.03,REF667125,REF667125,0.0,0,Exact Match,100.0,2024-W07,2024-02,1000-5000
BANK00245,LEDG00227,2024-02-21,2024-02-21,305.84,305.84,PAY216465,PAY216465,0.0,0,Exact Match,100.0,2024-W07,2024-02,100-500
BANK00195,LEDG00012,2024-02-21,2024-02-21,500.0,500.0,SAL364444,SAL364444,0.0,0,Exact Match,100.0,2024-W07,2024-02,100-500
BANK00408,LEDG00269,2024-02-22,2024-02-22,1759.35,1759.35,TRF439915,TRF439915,0.0,0,Exact Match,100.0,2024-W07,2024-02,1000-5000
BANK00014,LEDG00439,2024-02-22,2024-02-22,50.0,50.0,INV753381,INV753381,0.0,0,Exact Match,100.0,2024-W07,2024-02,<100
BANK00091,LEDG00086,2024-02-22,2024-02-22,103.32,103.32,PAY794121,PAY794121-PYMT,0.0,0,Exact Match,100.0,2024-W07,2024-02,100-500
BANK00208,LEDG00400,2024-02-23,2024-02-23,1596.62,1596.62,TRF625501,TRF625501,0.0,0,Exact Match,100.0,2024-W07,2024-02,1000-5000
BANK00289,LEDG00375,2024-02-23,2024-02-23,523.2,523.2,INV536135,INV536135,0.0,0,Exact Match,100.0,2024-W07,2024-02,500-1000
BANK00070,LEDG00078,2024-02-23,2024-02-23,1629.45,1629.45,REF894062,REF894062,0.0,0,Exact Match,100.0,2024-W07,2024-02,1000-5000
BANK00220,LEDG00284,2024-02-24,2024-02-24,1396.34,1396.34,INV834514,INV834514,0.0,0,Exact Match,100.0,2024-W07,2024-02,1000-5000
BANK00039,LEDG00248,2024-02-24,2024-02-24,481.0,481.0,SAL264800,SAL264800,0.0,0,Exact Match,100.0,2024-W07,2024-02,100-500
BANK00375,LEDG00003,2024-02-26,2024-02-26,250.0,250.0,PAY993560,PAY993560,0.0,0,Exact Match,100.0,2024-W08,2024-02,100-500
BANK00166,LEDG00204,2024-02-26,2024-02-26,1000.0,1000.0,REF498767,REF498767,0.0,0,Exact Match,100.0,2024-W08,2024-02,500-1000
BANK00197,LEDG00224,2024-02-27,2024-02-27,1463.79,1463.79,SAL633165,SAL633165,0.0,0,Exact Match,100.0,2024-W08,2024-02,1000-5000
BANK00393,LEDG00258,2024-02-27,2024-02-27,996.79,996.79,REF308605,REF308605,0.0,0,Exact Match,100.0,2024-W08,2024-02,500-1000
BANK00424,LEDG00112,2024-02-27,2024-02-27,1000.0,1000.0,SAL750973,SAL750973,0.0,0,Exact Match,100.0,2024-W08,2024-02,500-1000
BANK00433,LEDG00298,2024-02-27,2024-02-27,512.49,512.49,TRF560531,TRF560531,0.0,0,Exact Match,100.0,2024-W08,2024-02,500-1000
BANK00473,LEDG00092,2024-02-27,2024-02-27,100.0,100.0,TRF573305,TRF573305,0.0,0,Exact Match,100.0,2024-W08,2024-02,<100
BANK00237,LEDG00399,2024-02-28,2024-02-28,909.91,909.91,PAY832656,PAY832656,0.0,0,Exact Match,100.0,2024-W08,2024-02,500-1000
BANK00232,LEDG00125,2024-02-28,2024-02-28,100.0,100.0,INV484270,INV484270,0.0,0,Exact Match,100.0,2024-W08,2024-02,<100
BANK00159,LEDG00238,2024-02-28,2024-02-28,1939.25,1939.25,PAY339132,PAY339132,0.0,0,Exact Match,100.0,2024-W08,2024-02,1000-5000
BANK00029,LEDG00334,2024-02-28,2024-02-28,888.65,888.65,INV202945,INV202945,0.0,0,Exact Match,100.0,2024-W08,2024-02,500-1000
BANK00095,LEDG00144,2024-02-29,2024-02-29,1936.27,1936.27,REF543375,REF543375,0.0,0,Exact Match,100.0,2024-W08,2024-02,1000-5000
BANK00031,LEDG00018,2024-02-29,2024-02-29,1000.0,1000.0,CHK179919,CHK179919,0.0,0,Exact Match,100.0,2024-W08,2024-02,500-1000
BANK00409,LEDG00020,2024-02-29,2024-02-29,500.0,500.0,TRF446396,TRF446396,0.0,0,Exact Match,100.0,2024-W08,2024-02,100-500
BANK00339,LEDG00237,2024-02-29,2024-02-29,500.0,500.0,SAL585638,SAL585638,0.0,0,Exact Match,100.0,2024-W08,2024-02,100-500
BANK00050,LEDG00424,2024-02-29,2024-02-29,960.65,960.65,TRF419317,TRF419317,0.0,0,Exact Match,100.0,2024-W08,2024-02,500-1000
BANK00004,LEDG00157,2024-03-01,2024-03-01,1691.3,1691.3,INV980113,INV980113,0.0,0,Exact Match,100.0,2024-W08,2024-03,1000-5000
BANK00323,LEDG00104,2024-03-01,2024-03-01,250.0,250.0,REF191074,REF191074,0.0,0,Exact Match,100.0,2024-W08,2024-03,100-500
BANK00165,LEDG00304,2024-03-02,2024-03-02,1424.8,1424.8,REF920869,REF920869,0.0,0,Exact Match,100.0,2024-W08,2024-03,1000-5000
BANK00395,LEDG00006,2024-03-02,2024-03-02,1000.0,1000.0,CHK859430,CHK859430,0.0,0,Exact Match,100.0,2024-W08,2024-03,500-1000
BANK00173,LEDG00084,2024-03-02,2024-03-02,411.44,411.44,INV819840,INV819840,0.0,0,Exact Match,100.0,2024-W08,2024-03,100-500
BANK00176,LEDG00176,2024-03-02,2024-03-02,1195.32,1195.32,REF363474,REF363474,0.0,0,Exact Match,100.0,2024-W08,2024-03,1000-5000
BANK00035,LEDG00428,2024-03-02,2024-03-02,1784.87,1784.87,PAY999348,PAY999348,0.0,0,Exact Match,100.0,2024-W08,2024-03,1000-5000
BANK00179,LEDG00345,2024-03-02,2024-03-02,1930.4,1930.4,INV290991,INV290991,0.0,0,Exact Match,100.0,2024-W08,2024-03,1000-5000
BANK00428,LEDG00430,2024-03-02,2024-03-02,1947.24,1947.24,CHK246790,CHK246790,0.0,0,Exact Match,100.0,2024-W08,2024-03,1000-5000
BANK00186,LEDG00044,2024-03-02,2024-03-02,500.0,500.0,INV237923,INV237923,0.0,0,Exact Match,100.0,2024-W08,2024-03,100-500
BANK00456,LEDG00079,2024-03-02,2024-03-02,1935.35,1935.35,REF712830,REF712830,0.0,0,Exact Match,100.0,2024-W08,2024-03,1000-5000
BANK00126,LEDG00280,2024-03-02,2024-03-02,1259.52,1259.52,REF562507,REF562507,0.0,0,Exact Match,100.0,2024-W08,2024-03,1000-5000
BANK00108,LEDG00318,2024-03-03,2024-03-03,989.31,989.31,TRF193102,TRF193102,0.0,0,Exact Match,100.0,2024-W09,2024-03,500-1000
BANK00422,LEDG00348,2024-03-03,2024-03-03,1000.0,1000.0,PAY459292,PAY459292,0.0,0,Exact Match,100.0,2024-W09,2024-03,500-1000
BANK00340,LEDG00433,2024-03-03,2024-03-03,953.69,953.69,TRF522032,TRF522032,0.0,0,Exact Match,100.0,2024-W09,2024-03,500-1000
BANK00148,LEDG00259,2024-03-03,2024-03-03,681.52,681.52,SAL308596,SAL308596,0.0,0,Exact Match,100.0,2024-W09,2024-03,500-1000
BANK00389,LEDG00016,2024-03-03,2024-03-03,1620.94,1620.94,CHK320904,CHK320904,0.0,0,Exact Match,100.0,2024-W09,2024-03,1000-5000
BANK00442,LEDG00422,2024-03-03,2024-03-03,72.29,72.29,SAL400249,SAL400249,0.0,0,Exact Match,100.0,2024-W09,2024-03,<100
BANK00321,LEDG00123,2024-03-04,2024-03-04,250.0,250.0,SAL443387,SAL443387,0.0,0,Exact Match,100.0,2024-W09,2024-03,100-500
BANK00441,LEDG00033,2024-03-04,2024-03-04,100.0,100.0,SAL870550,SAL870550,0.0,0,Exact Match,100.0,2024-W09,2024-03,<100
BANK00020,LEDG00103,2024-03-04,2024-03-04,191.66,191.66,PAY611079,PAY611079,0.0,0,Exact Match,100.0,2024-W09,2024-03,100-500
BANK00494,LEDG00191,2024-03-05,2024-03-05,664.74,664.74,TRF313327,TRF313327,0.0,0,Exact Match,100.0,2024-W09,2024-03,500-1000
BANK00162,LEDG00411,2024-03-06,2024-03-06,1439.73,1439.73,PAY988124,PAY988124,0.0,0,Exact Match,100.0,2024-W09,2024-03,1000-5000
BANK00288,LEDG00261,2024-03-06,2024-03-06,250.0,250.0,SAL477157,SAL477157,0.0,0,Exact Match,100.0,2024-W09,2024-03,100-500
BANK00445,LEDG00288,2024-03-07,2024-03-07,890.17,890.17,CHK986317,CHK986317,0.0,0,Exact Match,100.0,2024-W09,2024-03,500-1000
BANK00493,LEDG00446,2024-03-07,2024-03-07,50.0,50.0,PAY308536,PAY308536-PYMT,0.0,0,Exact Match,100.0,2024-W09,2024-03,<100
BANK00350,LEDG00311,2024-03-07,2024-03-07,1754.56,1754.56,REF266202,REF266202,0.0,0,Exact Match,100.0,2024-W09,2024-03,1000-5000
BANK00241,LEDG00342,2024-03-07,2024-03-07,100.0,100.0,CHK024142,CHK024142,0.0,0,Exact Match,100.0,2024-W09,2024-03,<100
BANK00219,LEDG00158,2024-03-08,2024-03-08,1864.92,1864.92,SAL536046,SAL536046,0.0,0,Exact Match,100.0,2024-W09,2024-03,1000-5000
BANK00411,LEDG00054,2024-03-08,2024-03-08,1665.95,1665.95,CHK377602,CHK377602,0.0,0,Exact Match,100.0,2024-W09,2024-03,1000-5000
BANK00468,LEDG00201,2024-03-09,2024-03-09,1451.33,1451.33,SAL438394,SAL438394,0.0,0,Exact Match,100.0,2024-W09,2024-03,1000-5000
BANK00322,LEDG00085,2024-03-09,2024-03-09,1392.45,1392.45,CHK281078,CHK281078,0.0,0,Exact Match,100.0,2024-W09,2024-03,1000-5000
BANK00443,LEDG00267,2024-03-09,2024-03-09,1819.95,1819.95,REF599058,REF599058,0.0,0,Exact Match,100.0,2024-W09,2024-03,1000-5000
BANK00454,LEDG00169,2024-03-09,2024-03-09,1256.18,1256.18,SAL854535,SAL854535,0.0,0,Exact Match,100.0,2024-W09,2024-03,1000-5000
BANK00226,LEDG00218,2024-03-09,2024-03-09,50.0,50.0,REF899219,REF899219,0.0,0,Exact Match,100.0,2024-W09,2024-03,<100
BANK00266,LEDG00140,2024-03-09,2024-03-09,1143.19,1143.19,TRF307673,TRF307673,0.0,0,Exact Match,100.0,2024-W09,2024-03,1000-5000
BANK00227,LEDG00357,2024-03-10,2024-03-10,1000.0,1000.0,REF879335,REF879335,0.0,0,Exact Match,100.0,2024-W10,2024-03,500-1000
BANK00182,LEDG00178,2024-03-10,2024-03-10,1000.0,1000.0,REF018787,REF018787,0.0,0,Exact Match,100.0,2024-W10,2024-03,500-1000
BANK00102,LEDG00029,2024-03-11,2024-03-11,1114.08,1114.08,INV868311,INV868311,0.0,0,Exact Match,100.0,2024-W10,2024-03,1000-5000
BANK00158,LEDG00172,2024-03-11,2024-03-11,232.96,232.96,SAL218934,SAL218934,0.0,0,Exact Match,100.0,2024-W10,2024-03,100-500
BANK00058,LEDG00136,2024-03-11,2024-03-11,1262.5,1262.5,REF105820,REF105820,0.0,0,Exact Match,100.0,2024-W10,2024-03,1000-5000
BANK00280,LEDG00395,2024-03-12,2024-03-12,1000.0,1000.0,PAY392537,PAY392537,0.0,0,Exact Match,100.0,2024-W10,2024-03,500-1000
BANK00078,LEDG00046,2024-03-14,2024-03-14,759.71,759.71,TRF127277,TRF127277,0.0,0,Exact Match,100.0,2024-W10,2024-03,500-1000
BANK00009,LEDG00383,2024-03-15,2024-03-15,1935.49,1935.49,INV046812,INV-046812,0.0,0,Exact Match,100.0,2024-W10,2024-03,1000-5000
BANK00279,LEDG00090,2024-03-15,2024-03-15,732.49,732.49,CHK920459,CHK920459,0.0,0,Exact Match,100.0,2024-W10,2024-03,500-1000
BANK00221,LEDG00121,2024-03-15,2024-03-15,1417.4,1417.4,REF068735,REF068735,0.0,0,Exact Match,100.0,2024-W10,2024-03,1000-5000
BANK00458,LEDG00403,2024-03-16,2024-03-16,100.0,100.0,CHK271515,CHK271515,0.0,0,Exact Match,100.0,2024-W10,2024-03,<100
BANK00180,LEDG00296,2024-03-17,2024-03-17,500.0,500.0,SAL172984,SAL172984,0.0,0,Exact Match,100.0,2024-W11,2024-03,100-500
BANK00063,LEDG00379,2024-03-18,2024-03-18,50.0,50.0,INV615786,INV615786,0.0,0,Exact Match,100.0,2024-W11,2024-03,<100
BANK00191,LEDG00415,2024-03-19,2024-03-19,609.74,609.74,CHK176693,CHK176693,0.0,0,Exact Match,100.0,2024-W11,2024-03,500-1000
BANK00032,LEDG00131,2024-03-20,2024-03-20,1675.56,1675.56,PAY882406,PAY882406,0.0,0,Exact Match,100.0,2024-W11,2024-03,1000-5000
BANK00110,LEDG00195,2024-03-21,2024-03-21,990.31,990.31,SAL135674,SAL135674,0.0,0,Exact Match,100.0,2024-W11,2024-03,500-1000
BANK00249,LEDG00196,2024-03-22,2024-03-22,427.71,427.71,CHK265111,CHK265111,0.0,0,Exact Match,100.0,2024-W11,2024-03,100-500
BANK00482,LEDG00300,2024-03-24,2024-03-24,100.0,100.0,CHK140230,CHK140230,0.0,0,Exact Match,100.0,2024-W12,2024-03,<100
BANK00463,LEDG00155,2024-03-25,2024-03-25,307.67,307.67,REF757356,REF757356,0.0,0,Exact Match,100.0,2024-W12,2024-03,100-500
BANK00341,LEDG00294,2024-03-25,2024-03-25,1690.65,1690.65,PAY694685,PAY694685-PYMT,0.0,0,Exact Match,100.0,2024-W12,2024-03,1000-5000
BANK00160,LEDG00331,2024-03-26,2024-03-26,1635.97,1635.97,PAY129692,PAY129692,0.0,0,Exact Match,100.0,2024-W12,2024-03,1000-5000
BANK00355,LEDG00216,2024-03-26,2024-03-26,707.92,707.92,SAL494204,SAL494204,0.0,0,Exact Match,100.0,2024-W12,2024-03,500-1000
BANK00390,LEDG00420,2024-03-26,2024-03-26,1106.21,1106.21,INV448763,INV448763,0.0,0,Exact Match,100.0,2024-W12,2024-03,1000-5000
BANK00399,LEDG00337,2024-03-26,2024-03-26,702.14,702.14,CHK668647,CHK668647,0.0,0,Exact Match,100.0,2024-W12,2024-03,500-1000
BANK00209,LEDG00142,2024-03-27,2024-03-27,1000.0,1000.0,TRF619795,TRF619795,0.0,0,Exact Match,100.0,2024-W12,2024-03,500-1000
BANK00384,LEDG00330,2024-03-27,2024-03-27,79.38,79.38,SAL494619,SAL494619,0.0,0,Exact Match,100.0,2024-W12,2024-03,<100
BANK00343,LEDG00338,2024-03-27,2024-03-27,500.0,500.0,CHK117959,CHK117959,0.0,0,Exact Match,100.0,2024-W12,2024-03,100-500
BANK00104,LEDG00246,2024-03-28,2024-03-28,1032.84,1032.84,CHK576391,CHK576391,0.0,0,Exact Match,100.0,2024-W12,2024-03,1000-5000
BANK00010,LEDG00011,2024-03-28,2024-03-28,852.71,852.71,PAY772006,PAY772006,0.0,0,Exact Match,100.0,2024-W12,2024-03,500-1000
BANK00016,LEDG00100,2024-03-28,2024-03-28,1073.31,1073.31,INV136722,INV136722,0.0,0,Exact Match,100.0,2024-W12,2024-03,1000-5000
BANK00437,LEDG00233,2024-03-29,2024-03-29,1058.78,1058.78,REF709068,REF709068,0.0,0,Exact Match,100.0,2024-W12,2024-03,1000-5000
BANK00284,LEDG00326,2024-03-29,2024-03-29,1561.72,1561.72,SAL007478,SAL007478,0.0,0,Exact Match,100.0,2024-W12,2024-03,1000-5000
BANK00461,LEDG00324,2024-03-30,2024-03-30,50.0,50.0,PAY562287,PAY562287,0.0,0,Exact Match,100.0,2024-W12,2024-03,<100
BANK00053,LEDG00435,2024-03-30,2024-03-30,50.0,50.0,INV603091,INV603091,0.0,0,Exact Match,100.0,2024-W12,2024-03,<100
BANK00240,LEDG00266,2024-03-30,2024-03-30,339.37,339.37,INV696983,INV696983,0.0,0,Exact Match,100.0,2024-W12,2024-03,100-500
BANK00138,LEDG00111,2024-03-30,2024-03-30,800.36,800.36,REF574341,REF574341,0.0,0,Exact Match,100.0,2024-W12,2024-03,500-1000
BANK00075,LEDG00208,2024-03-30,2024-03-30,1733.47,1733.47,CHK521023,CHK521023,0.0,0,Exact Match,100.0,2024-W12,2024-03,1000-5000
BANK00427,LEDG00150,2024-03-30,2024-03-30,250.0,250.0,TRF147587,TRF147587,0.0,0,Exact Match,100.0,2024-W12,2024-03,100-500
BANK00263,LEDG00062,2024-01-01,2024-01-01,1107.93,1107.94,REF738501,REF738501,0.009999999999990905,0,Tolerance Match,99.997,2024-W00,2024-01,1000-5000
BANK00207,LEDG00349,2024-01-02,2024-01-03,263.7,263.71,PAY925168,PAY925168,0.009999999999990905,1,Tolerance Match,95.71128571428571,2024-W00,2024-01,100-500
BANK00212,LEDG00028,2024-01-02,2024-01-03,511.08,511.08,SAL512083,SAL512083,0.0,1,Tolerance Match,95.71428571428572,2024-W00,2024-01,500-1000
BANK00068,LEDG00188,2024-01-02,2024-01-04,500.0,500.0,TRF097507,TRF097507,0.0,2,Tolerance Match,91.42857142857143,2024-W00,2024-01,100-500
BANK00273,LEDG00194,2024-01-03,2024-01-04,250.0,250.0,PAY866083,PAY866083,0.0,1,Tolerance Match,95.71428571428572,2024-W00,2024-01,100-500
BANK00181,LEDG00087,2024-01-03,2024-01-03,370.65,370.66,TRF632107,TRF632107,0.010000000000047748,0,Tolerance Match,99.99699999999999,2024-W00,2024-01,100-500
BANK00048,LEDG00365,2024-01-04,2024-01-06,1490.98,1490.98,PAY424649,PAY424649,0.0,2,Tolerance Match,91.42857142857143,2024-W00,2024-01,1000-5000
BANK00067,LEDG00141,2024-01-04,2024-01-03,100.0,100.0,TRF494859,TRF494859,0.0,1,Tolerance Match,95.71428571428572,2024-W00,2024-01,<100
BANK00476,LEDG00031,2024-01-04,2024-01-05,250.0,250.0,TRF562854,TRF562854,0.0,1,Tolerance Match,95.71428571428572,2024-W00,2024-01,100-500
BANK00137,LEDG00305,2024-01-05,2024-01-04,250.0,250.0,INV804687,INV804687,0.0,1,Tolerance Match,95.71428571428572,2024-W00,2024-01,100-500
BANK00069,LEDG00009,2024-01-06,2024-01-06,1076.83,1076.84,CHK301246,CHK301246,0.009999999999990905,0,Tolerance Match,99.997,2024-W00,2024-01,1000-5000
BANK00167,LEDG00444,2024-01-06,2024-01-05,100.0,100.0,REF849690,REF849690,0.0,1,Tolerance Match,95.71428571428572,2024-W00,2024-01,<100
BANK00118,LEDG00119,2024-01-07,2024-01-08,1207.85,1207.85,TRF500532,TRF500532,0.0,1,Tolerance Match,95.71428571428572,2024-W01,2024-01,1000-5000
BANK00430,LEDG00358,2024-01-09,2024-01-09,50.0,51.0,INV469729,INV469729,1.0,0,Tolerance Match,99.7,2024-W01,2024-01,<100
BANK00363,LEDG00093,2024-01-09,2024-01-10,1433.95,1433.95,PAY056453,PAY056453-PYMT,0.0,1,Tolerance Match,95.71428571428572,2024-W01,2024-01,1000-5000
BANK00471,LEDG00133,2024-01-10,2024-01-10,1123.7,1123.69,INV100407,INV100407,0.009999999999990905,0,Tolerance Match,99.997,2024-W01,2024-01,1000-5000
BANK00109,LEDG00170,2024-01-11,2024-01-11,50.0,51.0,REF802949,REF802949,1.0,0,Tolerance Match,99.7,2024-W01,2024-01,<100
BANK00109,LEDG00211,2024-01-11,2024-01-12,50.0,50.0,REF802949,REF229195,0.0,1,Tolerance Match,83.94957983193277,2024-W01,2024-01,<100
BANK00229,LEDG00207,2024-01-11,2024-01-09,629.77,629.77,TRF818400,TRF818400,0.0,2,Tolerance Match,91.42857142857143,2024-W01,2024-01,500-1000
BANK00251,LEDG00170,2024-01-11,2024-01-11,50.0,51.0,REF229195,REF802949,1.0,0,Tolerance Match,87.93529411764706,2024-W01,2024-01,<100
BANK00251,LEDG00211,2024-01-11,2024-01-12,50.0,50.0,REF229195,REF229195,0.0,1,Tolerance Match,95.71428571428572,2024-W01,2024-01,<100
BANK00265,LEDG00437,2024-01-12,2024-01-10,1194.15,1194.15,PAY638600,PAY638600-PYMT,0.0,2,Tolerance Match,91.42857142857143,2024-W01,2024-01,1000-5000
BANK00492,LEDG00022,2024-01-12,2024-01-10,1000.0,1000.0,INV132225,INV132225,0.0,2,Tolerance Match,91.42857142857143,2024-W01,2024-01,500-1000
BANK00431,LEDG00397,2024-01-12,2024-01-11,140.6,140.6,REF304545,REF304545,0.0,1,Tolerance Match,95.71428571428572,2024-W01,2024-01,100-500
BANK00418,LEDG00127,2024-01-13,2024-01-14,1087.12,1087.12,TRF394189,TRF394189,0.0,1,Tolerance Match,95.71428571428572,2024-W01,2024-01,1000-5000
BANK00382,LEDG00091,2024-01-14,2024-01-13,1795.9,1795.91,INV571733,INV571733,0.009999999999990905,1,Tolerance Match,95.71128571428571,2024-W02,2024-01,1000-5000
BANK00143,LEDG00336,2024-01-15,2024-01-15,953.2,953.19,PAY271816,PAY271816,0.009999999999990905,0,Tolerance Match,99.997,2024-W02,2024-01,500-1000
BANK00385,LEDG00041,2024-01-15,2024-01-16,1721.65,1721.65,SAL347713,SAL347713,0.0,1,Tolerance Match,95.71428571428572,2024-W02,2024-01,1000-5000
BANK00439,LEDG00099,2024-01-16,2024-01-16,1547.92,1547.93,PAY398004,PAY398004,0.009999999999990905,0,Tolerance Match,99.997,2024-W02,2024-01,1000-5000
BANK00259,LEDG00307,2024-01-16,2024-01-17,548.78,548.78,INV217338,INV217338,0.0,1,Tolerance Match,95.71428571428572,2024-W02,2024-01,500-1000
BANK00417,LEDG00256,2024-01-16,2024-01-16,222.89,222.9,PAY833303,PAY833303,0.010000000000019327,0,Tolerance Match,99.99699999999999,2024-W02,2024-01,100-500
BANK00448,LEDG00260,2024-01-16,2024-01-17,100.0,100.0,SAL674527,SAL674527,0.0,1,Tolerance Match,95.71428571428572,2024-W02,2024-01,<100
BANK00381,LEDG00245,2024-01-16,2024-01-16,987.46,988.46,PAY014354,PAY014354,1.0,0,Tolerance Match,99.7,2024-W02,2024-01,500-1000
BANK00223,LEDG00148,2024-01-17,2024-01-18,147.15,147.15,PAY054414,PAY054414,0.0,1,Tolerance Match,95.71428571428572,2024-W02,2024-01,100-500
BANK00361,LEDG00235,2024-01-17,2024-01-18,500.0,500.0,INV966900,INV966900,0.0,1,Tolerance Match,95.71428571428572,2024-W02,2024-01,100-500
BANK00346,LEDG00436,2024-01-18,2024-01-19,814.93,814.93,INV235092,INV235092,0.0,1,Tolerance Match,95.71428571428572,2024-W02,2024-01,500-1000
BANK00047,LEDG00068,2024-01-18,2024-01-20,50.0,50.0,PAY722856,PAY722856,0.0,2,Tolerance Match,91.42857142857143,2024-W02,2024-01,<100
BANK00211,LEDG00189,2024-01-19,2024-01-20,1390.96,1390.96,INV728393,INV728393,0.0,1,Tolerance Match,95.71428571428572,2024-W02,2024-01,1000-5000
BANK00243,LEDG00328,2024-01-20,2024-01-22,36.06,36.06,CHK626394,CHK626394,0.0,2,Tolerance Match,91.42857142857143,2024-W02,2024-01,<100
BANK00310,LEDG00416,2024-01-22,2024-01-22,1899.12,1899.13,TRF273009,TRF273009,0.010000000000218279,0,Tolerance Match,99.99699999999993,2024-W03,2024-01,1000-5000
BANK00396,LEDG00278,2024-01-22,2024-01-23,100.0,100.0,PAY297851,PAY297851,0.0,1,Tolerance Match,95.71428571428572,2024-W03,2024-01,<100
BANK00013,LEDG00332,2024-01-22,2024-01-23,50.0,50.0,REF458563,REF458563,0.0,1,Tolerance Match,95.71428571428572,2024-W03,2024-01,<100
BANK00466,LEDG00080,2024-01-23,2024-01-24,1317.4,1317.39,PAY235079,PAY235079,0.009999999999990905,1,Tolerance Match,95.71128571428571,2024-W03,2024-01,1000-5000
BANK00092,LEDG00432,2024-01-24,2024-01-24,250.0,250.01,INV116523,INV-116523,0.009999999999990905,0,Tolerance Match,99.997,2024-W03,2024-01,100-500
BANK00371,LEDG00319,2024-01-24,2024-01-25,139.32,139.32,INV645891,INV645891,0.0,1,Tolerance Match,95.71428571428572,2024-W03,2024-01,100-500
BANK00483,LEDG00423,2024-01-24,2024-01-23,100.0,100.0,CHK920478,CHK920478,0.0,1,Tolerance Match,95.71428571428572,2024-W03,2024-01,<100
BANK00336,LEDG00113,2024-01-24,2024-01-25,951.69,951.69,CHK205213,CHK205213,0.0,1,Tolerance Match,95.71428571428572,2024-W03,2024-01,500-1000
BANK00278,LEDG00073,2024-01-24,2024-01-25,678.37,679.37,CHK190767,CHK190767,1.0,1,Tolerance Match,95.41428571428571,2024-W03,2024-01,500-1000
BANK00392,LEDG00070,2024-01-25,2024-01-26,526.91,526.91,REF829005,REF829005,0.0,1,Tolerance Match,95.71428571428572,2024-W03,2024-01,500-1000
BANK00285,LEDG00279,2024-01-25,2024-01-27,500.0,500.0,TRF626890,TRF626890,0.0,2,Tolerance Match,91.42857142857143,2024-W03,2024-01,100-500
BANK00370,LEDG00180,2024-01-25,2024-01-26,1978.48,1978.48,REF224943,REF224943,0.0,1,Tolerance Match,95.71428571428572,2024-W03,2024-01,1000-5000
BANK00093,LEDG00198,2024-01-26,2024-01-25,957.66,957.65,CHK216129,CHK216129,0.009999999999990905,1,Tolerance Match,95.71128571428571,2024-W03,2024-01,500-1000
BANK00447,LEDG00370,2024-01-26,2024-01-24,1494.22,1494.22,INV134649,INV134649,0.0,2,Tolerance Match,91.42857142857143,2024-W03,2024-01,1000-5000
BANK00140,LEDG00225,2024-01-27,2024-01-28,100.0,100.0,INV698308,INV698308,0.0,1,Tolerance Match,95.71428571428572,2024-W03,2024-01,<100
BANK00316,LEDG00440,2024-01-27,2024-01-27,675.15,675.16,SAL958370,SAL958370,0.009999999999990905,0,Tolerance Match,99.997,2024-W03,2024-01,500-1000
BANK00184,LEDG00271,2024-01-27,2024-01-27,411.24,411.25,SAL713088,SAL713088,0.009999999999990905,0,Tolerance Match,99.997,2024-W03,2024-01,100-500
BANK00168,LEDG00250,2024-01-28,2024-01-29,584.37,584.37,CHK157489,CHK157489,0.0,1,Tolerance Match,95.71428571428572,2024-W04,2024-01,500-1000
BANK00117,LEDG00152,2024-01-28,2024-01-27,1035.32,1035.32,REF701257,REF701257,0.0,1,Tolerance Match,95.71428571428572,2024-W04,2024-01,1000-5000
BANK00452,LEDG00067,2024-01-29,2024-01-31,1555.43,1555.43,INV355418,INV355418,0.0,2,Tolerance Match,91.42857142857143,2024-W04,2024-01,1000-5000
BANK00332,LEDG00109,2024-01-30,2024-02-01,450.21,450.21,REF769233,REF769233,0.0,2,Tolerance Match,91.42857142857143,2024-W04,2024-01,100-500
BANK00419,LEDG00283,2024-01-30,2024-01-29,690.33,690.33,REF893879,REF893879,0.0,1,Tolerance Match,95.71428571428572,2024-W04,2024-01,500-1000
BANK00256,LEDG00215,2024-01-31,2024-02-02,1533.06,1533.06,CHK604286,CHK604286,0.0,2,Tolerance Match,91.42857142857143,2024-W04,2024-01,1000-5000
BANK00353,LEDG00071,2024-02-01,2024-02-02,250.0,250.0,TRF139426,TRF139426,0.0,1,Tolerance Match,95.71428571428572,2024-W04,2024-02,100-500
BANK00114,LEDG00132,2024-02-02,2024-01-31,806.6,806.6,TRF272151,TRF272151,0.0,2,Tolerance Match,91.42857142857143,2024-W04,2024-02,500-1000
BANK00488,LEDG00299,2024-02-02,2024-02-04,1198.98,1198.98,CHK984693,CHK984693,0.0,2,Tolerance Match,91.42857142857143,2024-W04,2024-02,1000-5000
BANK00327,LEDG00384,2024-02-04,2024-02-04,1047.39,1046.89,TRF255106,TRF255106,0.5,0,Tolerance Match,99.85,2024-W05,2024-02,1000-5000
BANK00290,LEDG00287,2024-02-04,2024-02-02,500.0,500.0,SAL840522,SAL840522,0.0,2,Tolerance Match,91.42857142857143,2024-W05,2024-02,100-500
BANK00376,LEDG00192,2024-02-05,2024-02-03,250.0,250.0,SAL560205,SAL560205,0.0,2,Tolerance Match,91.42857142857143,2024-W05,2024-02,100-500
BANK00281,LEDG00023,2024-02-05,2024-02-06,824.73,824.73,CHK831328,CHK831328,0.0,1,Tolerance Match,95.71428571428572,2024-W05,2024-02,500-1000
BANK00238,LEDG00118,2024-02-05,2024-02-06,1000.0,1000.0,CHK086793,CHK086793,0.0,1,Tolerance Match,95.71428571428572,2024-W05,2024-02,500-1000
BANK00187,LEDG00329,2024-02-06,2024-02-08,1050.9,1050.89,PAY765632,PAY765632,0.009999999999990905,2,Tolerance Match,91.42557142857143,2024-W05,2024-02,1000-5000
BANK00335,LEDG00030,2024-02-06,2024-02-06,1998.71,1998.7,SAL337270,SAL337270,0.009999999999990905,0,Tolerance Match,99.997,2024-W05,2024-02,1000-5000
BANK00018,LEDG00139,2024-02-07,2024-02-08,500.0,500.0,REF945994,REF945994,0.0,1,Tolerance Match,95.71428571428572,2024-W05,2024-02,100-500
BANK00224,LEDG00282,2024-02-07,2024-02-05,100.0,100.0,CHK387491,CHK387491,0.0,2,Tolerance Match,91.42857142857143,2024-W05,2024-02,<100
BANK00248,LEDG00117,2024-02-08,2024-02-10,143.48,143.48,TRF200826,TRF200826,0.0,2,Tolerance Match,91.42857142857143,2024-W05,2024-02,100-500
BANK00046,LEDG00153,2024-02-08,2024-02-09,122.04,121.54,TRF409709,TRF409709,0.5,1,Tolerance Match,95.56428571428572,2024-W05,2024-02,100-500
BANK00496,LEDG00017,2024-02-09,2024-02-08,872.97,872.97,TRF666615,TRF666615,0.0,1,Tolerance Match,95.71428571428572,2024-W05,2024-02,500-1000
BANK00116,LEDG00309,2024-02-10,2024-02-09,829.21,829.2,INV110394,INV110394,0.009999999999990905,1,Tolerance Match,95.71128571428571,2024-W05,2024-02,500-1000
BANK00257,LEDG00354,2024-02-11,2024-02-10,50.0,49.99,PAY828122,PAY828122,0.00999999999999801,1,Tolerance Match,95.71128571428571,2024-W06,2024-02,<100
BANK00163,LEDG00376,2024-02-11,2024-02-13,958.47,958.47,TRF044997,TRF044997,0.0,2,Tolerance Match,91.42857142857143,2024-W06,2024-02,500-1000
BANK00367,LEDG00431,2024-02-11,2024-02-12,444.33,444.33,PAY546368,PAY546368,0.0,1,Tolerance Match,95.71428571428572,2024-W06,2024-02,100-500
BANK00402,LEDG00414,2024-02-11,2024-02-12,498.12,498.12,SAL385666,SAL385666,0.0,1,Tolerance Match,95.71428571428572,2024-W06,2024-02,100-500
BANK00153,LEDG00199,2024-02-12,2024-02-10,1000.0,1000.0,INV186716,INV186716,0.0,2,Tolerance Match,91.42857142857143,2024-W06,2024-02,500-1000
BANK00499,LEDG00347,2024-02-13,2024-02-14,100.0,100.0,INV123072,INV123072,0.0,1,Tolerance Match,95.71428571428572,2024-W06,2024-02,<100
BANK00129,LEDG00381,2024-02-13,2024-02-13,100.0,99.99,REF411139,REF411139,0.010000000000005116,0,Tolerance Match,99.997,2024-W06,2024-02,<100
BANK00351,LEDG00408,2024-02-15,2024-02-16,929.27,929.28,REF846333,REF846333,0.009999999999990905,1,Tolerance Match,95.71128571428571,2024-W06,2024-02,500-1000
BANK00036,LEDG00333,2024-02-16,2024-02-16,50.0,50.01,REF093595,REF093595,0.00999999999999801,0,Tolerance Match,99.997,2024-W06,2024-02,<100
BANK00413,LEDG00352,2024-02-16,2024-02-18,500.0,500.0,INV239394,INV239394,0.0,2,Tolerance Match,91.42857142857143,2024-W06,2024-02,100-500
BANK00133,LEDG00110,2024-02-16,2024-02-16,134.06,134.05,REF818516,REF818516,0.009999999999990905,0,Tolerance Match,99.997,2024-W06,2024-02,100-500
BANK00354,LEDG00219,2024-02-16,2024-02-16,1599.58,1600.58,REF416611,REF416611,1.0,0,Tolerance Match,99.7,2024-W06,2024-02,1000-5000
BANK00264,LEDG00429,2024-02-17,2024-02-16,500.0,500.0,CHK485032,CHK485032,0.0,1,Tolerance Match,95.71428571428572,2024-W06,2024-02,100-500
BANK00485,LEDG00343,2024-02-19,2024-02-18,1605.44,1605.44,SAL080938,SAL080938,0.0,1,Tolerance Match,95.71428571428572,2024-W07,2024-02,1000-5000
BANK00254,LEDG00145,2024-02-19,2024-02-19,1060.02,1061.02,TRF162939,TRF162939,1.0,0,Tolerance Match,99.7,2024-W07,2024-02,1000-5000
BANK00038,LEDG00171,2024-02-20,2024-02-22,1727.65,1727.65,TRF471797,TRF471797,0.0,2,Tolerance Match,91.42857142857143,2024-W07,2024-02,1000-5000
BANK00001,LEDG00047,2024-02-21,2024-02-20,250.0,250.01,INV088937,INV088937,0.009999999999990905,1,Tolerance Match,95.71128571428571,2024-W07,2024-02,100-500
BANK00213,LEDG00401,2024-02-22,2024-02-20,371.38,371.37,SAL499808,SAL499808,0.009999999999990905,2,Tolerance Match,91.42557142857143,2024-W07,2024-02,100-500
BANK00054,LEDG00419,2024-02-22,2024-02-20,50.0,50.0,PAY946430,PAY946430,0.0,2,Tolerance Match,91.42857142857143,2024-W07,2024-02,<100
BANK00338,LEDG00398,2024-02-22,2024-02-21,393.27,393.26,INV058362,INV058362,0.009999999999990905,1,Tolerance Match,95.71128571428571,2024-W07,2024-02,100-500
BANK00405,LEDG00183,2024-02-23,2024-02-24,220.61,220.61,PAY588262,PAY588262-PYMT,0.0,1,Tolerance Match,95.71428571428572,2024-W07,2024-02,100-500
BANK00276,LEDG00184,2024-02-23,2024-02-23,1289.42,1289.41,REF761792,REF761792,0.009999999999990905,0,Tolerance Match,99.997,2024-W07,2024-02,1000-5000
BANK00348,LEDG00096,2024-02-23,2024-02-24,1326.69,1326.69,PAY143831,PAY143831,0.0,1,Tolerance Match,95.71428571428572,2024-W07,2024-02,1000-5000
BANK00425,LEDG00372,2024-02-24,2024-02-25,250.0,250.0,CHK474749,CHK474749,0.0,1,Tolerance Match,95.71428571428572,2024-W07,2024-02,100-500
BANK00222,LEDG00339,2024-02-25,2024-02-23,1000.0,999.99,REF107715,REF107715,0.009999999999990905,2,Tolerance Match,91.42557142857143,2024-W08,2024-02,500-1000
BANK00203,LEDG00272,2024-02-25,2024-02-24,1000.0,1000.0,TRF051293,TRF051293,0.0,1,Tolerance Match,95.71428571428572,2024-W08,2024-02,500-1000
BANK00451,LEDG00010,2024-02-26,2024-02-25,379.2,379.2,CHK123787,CHK123787,0.0,1,Tolerance Match,95.71428571428572,2024-W08,2024-02,100-500
BANK00252,LEDG00404,2024-02-26,2024-02-28,1674.76,1674.76,REF729860,REF729860,0.0,2,Tolerance Match,91.42857142857143,2024-W08,2024-02,1000-5000
BANK00025,LEDG00138,2024-02-27,2024-02-26,433.33,433.33,INV167343,INV-167343,0.0,1,Tolerance Match,95.71428571428572,2024-W08,2024-02,100-500
BANK00398,LEDG00314,2024-02-27,2024-02-26,1188.89,1188.89,TRF219742,TRF219742,0.0,1,Tolerance Match,95.71428571428572,2024-W08,2024-02,1000-5000
BANK00397,LEDG00293,2024-02-27,2024-02-25,50.0,50.0,INV025944,INV025944,0.0,2,Tolerance Match,91.42857142857143,2024-W08,2024-02,<100
BANK00205,LEDG00059,2024-02-28,2024-02-29,690.74,690.74,SAL314882,SAL314882,0.0,1,Tolerance Match,95.71428571428572,2024-W08,2024-02,500-1000
BANK00308,LEDG00297,2024-02-28,2024-02-28,880.01,880.02,REF958152,REF958152,0.009999999999990905,0,Tolerance Match,99.997,2024-W08,2024-02,500-1000
BANK00406,LEDG00159,2024-02-29,2024-02-28,386.55,386.55,REF116792,REF116792,0.0,1,Tolerance Match,95.71428571428572,2024-W08,2024-02,100-500
BANK00373,LEDG00223,2024-02-29,2024-03-03,500.0,500.0,TRF964342,TRF944785,0.0,3,Tolerance Match,79.14285714285714,2024-W08,2024-02,100-500
BANK00261,LEDG00374,2024-02-29,2024-03-02,1000.0,1000.01,PAY233568,PAY233568,0.009999999999990905,2,Tolerance Match,91.42557142857143,2024-W08,2024-02,500-1000
BANK00057,LEDG00106,2024-02-29,2024-03-01,1938.91,1938.91,REF140125,REF140125,0.0,1,Tolerance Match,95.71428571428572,2024-W08,2024-02,1000-5000
BANK00440,LEDG00228,2024-03-01,2024-02-28,500.0,499.5,PAY554268,PAY554268,0.5,2,Tolerance Match,91.27857142857142,2024-W08,2024-03,100-500
BANK00440,LEDG00368,2024-03-01,2024-03-04,500.0,500.01,PAY554268,PAY024681,0.009999999999990905,3,Tolerance Match,75.3751512605042,2024-W08,2024-03,100-500
BANK00489,LEDG00405,2024-03-01,2024-03-01,967.0,966.99,INV684857,INV684857,0.009999999999990905,0,Tolerance Match,99.997,2024-W08,2024-03,500-1000
BANK00292,LEDG00290,2024-03-01,2024-03-02,1385.53,1385.53,SAL333266,SAL333266,0.0,1,Tolerance Match,95.71428571428572,2024-W08,2024-03,1000-5000
BANK00086,LEDG00327,2024-03-02,2024-03-03,1890.08,1890.07,CHK720157,CHK720157,0.009999999999990905,1,Tolerance Match,95.71128571428571,2024-W08,2024-03,1000-5000
BANK00037,LEDG00223,2024-03-02,2024-03-03,500.0,500.0,TRF944785,TRF944785,0.0,1,Tolerance Match,95.71428571428572,2024-W08,2024-03,100-500
BANK00079,LEDG00060,2024-03-02,2024-03-04,792.05,792.05,SAL394513,SAL394513,0.0,2,Tolerance Match,91.42857142857143,2024-W08,2024-03,500-1000
BANK00196,LEDG00182,2024-03-02,2024-03-02,868.74,868.75,PAY683722,PAY683722,0.009999999999990905,0,Tolerance Match,99.997,2024-W08,2024-03,500-1000
BANK00394,LEDG00241,2024-03-03,2024-03-02,1000.0,1000.0,SAL316305,SAL316305,0.0,1,Tolerance Match,95.71428571428572,2024-W09,2024-03,500-1000
BANK00073,LEDG00051,2024-03-03,2024-03-05,1454.18,1454.18,PAY078469,PAY078469,0.0,2,Tolerance Match,91.42857142857143,2024-W09,2024-03,1000-5000
BANK00328,LEDG00368,2024-03-04,2024-03-04,500.0,500.01,PAY024681,PAY024681,0.009999999999990905,0,Tolerance Match,99.997,2024-W09,2024-03,100-500
BANK00040,LEDG00066,2024-03-04,2024-03-06,1187.86,1187.86,TRF609539,TRF609539,0.0,2,Tolerance Match,91.42857142857143,2024-W09,2024-03,1000-5000
BANK00379,LEDG00344,2024-03-05,2024-03-05,1198.58,1198.57,CHK118740,CHK118740,0.009999999999990905,0,Tolerance Match,99.997,2024-W09,2024-03,1000-5000
BANK00132,LEDG00053,2024-03-05,2024-03-04,1067.22,1067.22,SAL450220,SAL450220,0.0,1,Tolerance Match,95.71428571428572,2024-W09,2024-03,1000-5000
BANK00357,LEDG00024,2024-03-06,2024-03-06,1258.74,1258.75,PAY189147,PAY189147,0.009999999999990905,0,Tolerance Match,99.997,2024-W09,2024-03,1000-5000
BANK00303,LEDG00281,2024-03-07,2024-03-08,1042.65,1042.66,CHK764728,CHK764728,0.009999999999990905,1,Tolerance Match,95.71128571428571,2024-W09,2024-03,1000-5000
BANK00345,LEDG00053,2024-03-07,2024-03-04,1065.23,1067.22,SAL426541,SAL450220,1.990000000000009,3,Tolerance Match,75.11728571428571,2024-W09,2024-03,1000-5000
BANK00295,LEDG00292,2024-03-08,2024-03-06,143.68,143.68,SAL718739,SAL718739,0.0,2,Tolerance Match,91.42857142857143,2024-W09,2024-03,100-500
BANK00475,LEDG00253,2024-03-09,2024-03-09,50.0,49.99,TRF469445,TRF469445,0.00999999999999801,0,Tolerance Match,99.997,2024-W09,2024-03,<100
BANK00233,LEDG00308,2024-03-10,2024-03-08,100.0,100.0,INV190612,INV190612,0.0,2,Tolerance Match,91.42857142857143,2024-W10,2024-03,<100
BANK00217,LEDG00394,2024-03-10,2024-03-11,1016.72,1016.72,REF736328,REF736328,0.0,1,Tolerance Match,95.71428571428572,2024-W10,2024-03,1000-5000
BANK00403,LEDG00313,2024-03-10,2024-03-12,100.0,100.01,INV385583,INV385583,0.010000000000005116,2,Tolerance Match,91.42557142857143,2024-W10,2024-03,<100
BANK00120,LEDG00212,2024-03-12,2024-03-12,1000.0,1000.01,INV676693,INV676693,0.009999999999990905,0,Tolerance Match,99.997,2024-W10,2024-03,500-1000
BANK00003,LEDG00035,2024-03-12,2024-03-10,151.67,151.67,TRF314956,TRF314956,0.0,2,Tolerance Match,91.42857142857143,2024-W10,2024-03,100-500
BANK00183,LEDG00052,2024-03-12,2024-03-13,288.15,288.15,TRF177427,TRF177427,0.0,1,Tolerance Match,95.71428571428572,2024-W10,2024-03,100-500
BANK00231,LEDG00373,2024-03-13,2024-03-11,1491.06,1491.06,SAL064305,SAL064305,0.0,2,Tolerance Match,91.42857142857143,2024-W10,2024-03,1000-5000
BANK00045,LEDG00323,2024-03-13,2024-03-13,250.0,250.01,CHK425143,CHK425143,0.009999999999990905,0,Tolerance Match,99.997,2024-W10,2024-03,100-500
BANK00119,LEDG00174,2024-03-13,2024-03-12,50.0,50.0,TRF340359,TRF340359,0.0,1,Tolerance Match,95.71428571428572,2024-W10,2024-03,<100
BANK00008,LEDG00168,2024-03-15,2024-03-13,87.98,87.98,SAL021633,SAL021633,0.0,2,Tolerance Match,91.42857142857143,2024-W10,2024-03,<100
BANK00174,LEDG00034,2024-03-15,2024-03-15,184.86,184.87,SAL505173,SAL505173,0.009999999999990905,0,Tolerance Match,99.997,2024-W10,2024-03,100-500
BANK00024,LEDG00147,2024-03-16,2024-03-15,100.0,100.0,TRF530781,TRF530781,0.0,1,Tolerance Match,95.71428571428572,2024-W10,2024-03,<100
BANK00383,LEDG00221,2024-03-16,2024-03-15,1249.65,1249.65,SAL539542,SAL539542,0.0,1,Tolerance Match,95.71428571428572,2024-W10,2024-03,1000-5000
BANK00146,LEDG00197,2024-03-17,2024-03-17,1119.91,1120.41,INV898864,INV898864,0.5,0,Tolerance Match,99.85,2024-W11,2024-03,1000-5000
BANK00453,LEDG00322,2024-03-18,2024-03-19,1691.12,1691.12,CHK356173,CHK356173,0.0,1,Tolerance Match,95.71428571428572,2024-W11,2024-03,1000-5000
BANK00134,LEDG00321,2024-03-18,2024-03-17,500.0,500.0,TRF320913,TRF320913,0.0,1,Tolerance Match,95.71428571428572,2024-W11,2024-03,100-500
BANK00084,LEDG00202,2024-03-18,2024-03-19,1999.44,1999.44,SAL953446,SAL953446,0.0,1,Tolerance Match,95.71428571428572,2024-W11,2024-03,1000-5000
BANK00142,LEDG00186,2024-03-19,2024-03-18,474.1,474.1,CHK073515,CHK073515,0.0,1,Tolerance Match,95.71428571428572,2024-W11,2024-03,100-500
BANK00291,LEDG00074,2024-03-20,2024-03-22,273.23,273.23,CHK900958,CHK900958,0.0,2,Tolerance Match,91.42857142857143,2024-W11,2024-03,100-500
BANK00234,LEDG00151,2024-03-20,2024-03-22,1000.0,999.5,PAY681156,PAY319155,0.5,2,Tolerance Match,79.51386554621848,2024-W11,2024-03,500-1000
BANK00089,LEDG00441,2024-03-20,2024-03-18,1216.29,1216.29,INV462215,INV462215,0.0,2,Tolerance Match,91.42857142857143,2024-W11,2024-03,1000-5000
BANK00479,LEDG00209,2024-03-20,2024-03-20,1000.0,999.99,PAY195979,PAY195979,0.009999999999990905,0,Tolerance Match,99.997,2024-W11,2024-03,500-1000
BANK00479,LEDG00151,2024-03-20,2024-03-22,1000.0,999.5,PAY195979,PAY319155,0.5,2,Tolerance Match,83.27857142857142,2024-W11,2024-03,500-1000
BANK00272,LEDG00134,2024-03-20,2024-03-21,654.74,654.74,SAL369020,SAL369020,0.0,1,Tolerance Match,95.71428571428572,2024-W11,2024-03,500-1000
BANK00204,LEDG00128,2024-03-21,2024-03-22,1527.29,1526.79,REF169009,REF169009,0.5,1,Tolerance Match,95.56428571428572,2024-W11,2024-03,1000-5000
BANK00064,LEDG00040,2024-03-21,2024-03-22,1000.0,1000.5,SAL251853,SAL251853,0.5,1,Tolerance Match,95.56428571428572,2024-W11,2024-03,500-1000
BANK00287,LEDG00229,2024-03-22,2024-03-23,54.71,54.71,SAL532369,SAL532369,0.0,1,Tolerance Match,95.71428571428572,2024-W11,2024-03,<100
BANK00006,LEDG00209,2024-03-23,2024-03-20,1000.0,999.99,PAY319155,PAY195979,0.009999999999990905,3,Tolerance Match,79.13985714285714,2024-W11,2024-03,500-1000
BANK00006,LEDG00151,2024-03-23,2024-03-22,1000.0,999.5,PAY319155,PAY319155,0.5,1,Tolerance Match,95.56428571428572,2024-W11,2024-03,500-1000
BANK00056,LEDG00056,2024-03-24,2024-03-23,156.86,156.86,INV140773,INV-140773,0.0,1,Tolerance Match,95.71428571428572,2024-W12,2024-03,100-500
BANK00171,LEDG00335,2024-03-24,2024-03-24,250.0,249.99,INV288495,INV288495,0.009999999999990905,0,Tolerance Match,99.997,2024-W12,2024-03,100-500
BANK00283,LEDG00350,2024-03-24,2024-03-23,1000.0,1000.0,TRF847209,TRF847209,0.0,1,Tolerance Match,95.71428571428572,2024-W12,2024-03,500-1000
BANK00130,LEDG00285,2024-03-26,2024-03-27,500.0,500.0,PAY188647,PAY188647,0.0,1,Tolerance Match,95.71428571428572,2024-W12,2024-03,100-500
BANK00450,LEDG00243,2024-03-26,2024-03-27,951.69,952.69,CHK243319,CHK243319,1.0,1,Tolerance Match,95.41428571428571,2024-W12,2024-03,500-1000
BANK00228,LEDG00126,2024-03-26,2024-03-24,100.0,99.5,REF027367,REF027367,0.5,2,Tolerance Match,91.27857142857142,2024-W12,2024-03,<100
BANK00007,LEDG00234,2024-03-27,2024-03-28,703.19,703.2,TRF273917,TRF273917,0.009999999999990905,1,Tolerance Match,95.71128571428571,2024-W12,2024-03,500-1000
BANK00388,LEDG00442,2024-03-27,2024-03-27,1911.75,1911.74,INV034602,INV034602,0.009999999999990905,0,Tolerance Match,99.997,2024-W12,2024-03,1000-5000
BANK00194,LEDG00055,2024-03-28,2024-03-28,1068.4,1068.39,CHK176887,CHK176887,0.009999999999990905,0,Tolerance Match,99.997,2024-W12,2024-03,1000-5000
BANK00127,LEDG00129,2024-03-28,2024-03-26,500.0,500.0,INV443400,INV443400,0.0,2,Tolerance Match,91.42857142857143,2024-W12,2024-03,100-500
BANK00101,LEDG00356,2024-03-29,2024-03-28,1220.09,1220.09,CHK946677,CHK946677,0.0,1,Tolerance Match,95.71428571428572,2024-W12,2024-03,1000-5000
BANK00094,LEDG00042,2024-03-29,2024-03-29,622.48,622.49,PAY984016,PAY984016,0.009999999999990905,0,Tolerance Match,99.997,2024-W12,2024-03,500-1000
BANK00027,LEDG00167,2024-03-29,2024-03-30,50.0,50.0,SAL444434,SAL444434,0.0,1,Tolerance Match,95.71428571428572,2024-W12,2024-03,<100
BANK00426,LEDG00377,2024-03-30,2024-03-28,125.26,125.26,INV264281,INV264281,0.0,2,Tolerance Match,91.42857142857143,2024-W12,2024-03,100-500
BANK00260,LEDG00417,2024-03-30,2024-03-29,823.38,823.38,PAY321538,PAY321538,0.0,1,Tolerance Match,95.71428571428572,2024-W12,2024-03,500-1000
BANK00144,LEDG00265,2024-03-30,2024-03-29,1301.16,1301.16,CHK460169,CHK460169,0.0,1,Tolerance Match,95.71428571428572,2024-W12,2024-03,1000-5000
